YEAR,MONTH,state,famnumber,numbermarried_hh,WTFINL,AGE,RACE,EDUC,ageatbirth,ageatmarr,marhist,AGE_MOM,AGE_POP,RACE_MOM,RACE_POP,EDUC_MOM,EDUC_POP,age_inyrs_atbirth,age_inyrs_atmarr
1980,6,Mississippi,NA,NA,936.2,23,white,NA,204,198,4,NA,NA,NA,NA,NA,NA,17,16.5
1980,6,Wisconsin,NA,NA,2392.09,23,white,NA,220,216,4,NA,NA,NA,NA,NA,NA,18.333333333333332,18
1980,6,Illinois,NA,NA,2029.06,19,white,NA,194,196,4,NA,NA,NA,NA,NA,NA,16.166666666666668,16.333333333333332
1980,6,Florida,NA,NA,2914.26,70,white,NA,228,200,3,NA,NA,NA,NA,NA,NA,19,16.666666666666668
1980,6,New Hampshire,NA,NA,278.64,52,white,NA,239,233,2,NA,NA,NA,NA,NA,NA,19.916666666666668,19.416666666666668
1980,6,Michigan,NA,NA,1777.6,21,white,NA,232,225,2,NA,NA,NA,NA,NA,NA,19.333333333333332,18.75
1980,6,Kentucky,NA,NA,918.4,44,white,NA,219,199,2,NA,NA,NA,NA,NA,NA,18.25,16.583333333333332
1980,6,Michigan,NA,NA,1401.3,64,white,NA,199,190,8,NA,NA,NA,NA,NA,NA,16.583333333333332,15.833333333333334
1980,6,West Virginia,NA,NA,637.29,43,white,NA,230,217,2,NA,NA,NA,NA,NA,NA,19.166666666666668,18.083333333333332
1980,6,Indiana,NA,NA,1332.2,43,white,NA,228,228,2,NA,NA,NA,NA,NA,NA,19,19
1980,6,Texas,NA,NA,1493.56,18,white,NA,205,216,5,NA,NA,NA,NA,NA,NA,17.083333333333332,18
1980,6,New York,NA,NA,1761.63,19,white,NA,222,230,2,NA,NA,NA,NA,NA,NA,18.5,19.166666666666668
1980,6,Michigan,NA,NA,1721.22,45,white,NA,237,222,22,NA,NA,NA,NA,NA,NA,19.75,18.5
1980,6,North Carolina,NA,NA,2273.68,20,white,NA,222,216,2,NA,NA,NA,NA,NA,NA,18.5,18
1980,6,Kentucky,NA,NA,1492.93,18,white,NA,207,194,5,NA,NA,NA,NA,NA,NA,17.25,16.166666666666668
1980,6,Hawaii,NA,NA,396.21,59,other,NA,206,205,2,NA,NA,NA,NA,NA,NA,17.166666666666668,17.083333333333332
1980,6,New Jersey,NA,NA,1410.08,19,black,NA,183,9999,1,43,NA,200,NA,60,NA,15.25,833.25
1980,6,Pennsylvania,NA,NA,1909.71,19,white,NA,212,192,2,NA,NA,NA,NA,NA,NA,17.666666666666668,16
1980,6,Alaska,NA,NA,205.98,57,black,NA,199,173,6,NA,NA,NA,NA,NA,NA,16.583333333333332,14.416666666666666
1980,6,Ohio,NA,NA,2192.35,21,black,NA,202,9999,1,51,62,200,200,72,60,16.833333333333332,833.25
1980,6,Kentucky,NA,NA,971.68,34,white,NA,206,193,4,NA,NA,NA,NA,NA,NA,17.166666666666668,16.083333333333332
1980,6,Illinois,NA,NA,1825.11,25,white,NA,205,198,2,NA,NA,NA,NA,NA,NA,17.083333333333332,16.5
1980,6,North Carolina,NA,NA,1612.62,51,white,NA,216,207,2,NA,NA,NA,NA,NA,NA,18,17.25
1980,6,Colorado,NA,NA,1226.89,30,white,NA,233,228,2,NA,NA,NA,NA,NA,NA,19.416666666666668,19
1980,6,Florida,NA,NA,1550.34,31,black,NA,208,204,4,NA,NA,NA,NA,NA,NA,17.333333333333332,17
1980,6,North Dakota,NA,NA,215.49,45,white,NA,204,242,2,NA,NA,NA,NA,NA,NA,17,20.166666666666668
1980,6,Minnesota,NA,NA,1409.25,26,white,NA,234,250,2,NA,NA,NA,NA,NA,NA,19.5,20.833333333333332
1980,6,Kansas,NA,NA,938.41,18,white,NA,213,207,2,NA,NA,NA,NA,NA,NA,17.75,17.25
1980,6,California,NA,NA,1419.65,72,black,NA,222,219,4,NA,NA,NA,NA,NA,NA,18.5,18.25
1980,6,California,NA,NA,1690.35,48,white,NA,196,208,4,NA,NA,NA,NA,NA,NA,16.333333333333332,17.333333333333332
1980,6,California,NA,NA,1698.89,19,white,NA,222,209,2,NA,NA,NA,NA,NA,NA,18.5,17.416666666666668
1980,6,Alaska,NA,NA,180.67,50,white,NA,214,194,2,NA,NA,NA,NA,NA,NA,17.833333333333332,16.166666666666668
1980,6,Ohio,NA,NA,1719.89,53,white,NA,215,185,10,NA,NA,NA,NA,NA,NA,17.916666666666668,15.416666666666666
1980,6,Florida,NA,NA,2008.53,53,white,NA,229,218,11,NA,NA,NA,NA,NA,NA,19.083333333333332,18.166666666666668
1980,6,New Hampshire,NA,NA,404.74,46,white,NA,239,232,2,NA,NA,NA,NA,NA,NA,19.916666666666668,19.333333333333332
1980,6,Indiana,NA,NA,2248.03,22,white,NA,235,232,2,NA,NA,NA,NA,NA,NA,19.583333333333332,19.333333333333332
1980,6,Illinois,NA,NA,1848.95,50,white,NA,212,205,26,NA,NA,NA,NA,NA,NA,17.666666666666668,17.083333333333332
1980,6,California,NA,NA,1369.12,69,white,NA,205,189,10,NA,NA,NA,NA,NA,NA,17.083333333333332,15.75
1980,6,West Virginia,NA,NA,633.22,36,white,NA,213,205,2,NA,NA,NA,NA,NA,NA,17.75,17.083333333333332
1980,6,Oregon,NA,NA,312.25,34,white,NA,212,205,4,NA,NA,NA,NA,NA,NA,17.666666666666668,17.083333333333332
1980,6,Oklahoma,NA,NA,696.7,46,other,NA,201,254,13,NA,NA,NA,NA,NA,NA,16.75,21.166666666666668
1980,6,Illinois,NA,NA,1727.82,34,black,NA,225,184,10,NA,NA,NA,NA,NA,NA,18.75,15.333333333333334
1980,6,Ohio,NA,NA,1682.68,50,white,NA,231,223,2,NA,NA,NA,NA,NA,NA,19.25,18.583333333333332
1980,6,California,NA,NA,1779.58,34,white,NA,220,206,2,NA,NA,NA,NA,NA,NA,18.333333333333332,17.166666666666668
1980,6,Montana,NA,NA,260.35,71,white,NA,232,211,2,NA,NA,NA,NA,NA,NA,19.333333333333332,17.583333333333332
1980,6,Illinois,NA,NA,2057.55,43,white,NA,231,217,2,NA,NA,NA,NA,NA,NA,19.25,18.083333333333332
1980,6,New York,NA,NA,1572.59,29,white,NA,237,237,2,NA,NA,NA,NA,NA,NA,19.75,19.75
1980,6,Vermont,NA,NA,289.55,70,white,NA,210,199,3,NA,NA,NA,NA,NA,NA,17.5,16.583333333333332
1980,6,South Carolina,NA,NA,1628.86,43,black,NA,196,181,5,NA,NA,NA,NA,NA,NA,16.333333333333332,15.083333333333334
1980,6,Missouri,NA,NA,1327.66,75,white,NA,231,221,3,NA,NA,NA,NA,NA,NA,19.25,18.416666666666668
1980,6,Mississippi,NA,NA,630.58,21,white,NA,210,206,5,NA,NA,NA,NA,NA,NA,17.5,17.166666666666668
1980,6,Idaho,NA,NA,313.93,54,white,NA,215,199,10,NA,NA,NA,NA,NA,NA,17.916666666666668,16.583333333333332
1980,6,Texas,NA,NA,1664.4,53,white,NA,196,177,2,NA,NA,NA,NA,NA,NA,16.333333333333332,14.75
1980,6,California,NA,NA,1679.05,69,white,NA,219,207,2,NA,NA,NA,NA,NA,NA,18.25,17.25
1980,6,North Carolina,NA,NA,1875.45,34,white,NA,217,201,4,NA,NA,NA,NA,NA,NA,18.083333333333332,16.75
1980,6,Alabama,NA,NA,1673.83,22,black,NA,208,206,2,NA,NA,NA,NA,NA,NA,17.333333333333332,17.166666666666668
1980,6,North Carolina,NA,NA,2027.15,35,black,NA,193,188,10,NA,NA,NA,NA,NA,NA,16.083333333333332,15.666666666666666
1980,6,Kentucky,NA,NA,1627.69,28,white,NA,203,184,10,NA,NA,NA,NA,NA,NA,16.916666666666668,15.333333333333334
1980,6,Mississippi,NA,NA,907.12,28,black,NA,227,251,2,NA,NA,NA,NA,NA,NA,18.916666666666668,20.916666666666668
1980,6,New Hampshire,NA,NA,397.4,35,white,NA,226,217,2,NA,NA,NA,NA,NA,NA,18.833333333333332,18.083333333333332
1980,6,California,NA,NA,1657.15,51,white,NA,205,191,2,NA,NA,NA,NA,NA,NA,17.083333333333332,15.916666666666666
1980,6,District of Columbia,NA,NA,338.85,23,black,NA,232,9999,1,NA,NA,NA,NA,NA,NA,19.333333333333332,833.25
1980,6,Utah,NA,NA,370.94,46,white,NA,228,223,2,NA,NA,NA,NA,NA,NA,19,18.583333333333332
1980,6,Montana,NA,NA,504.34,61,white,NA,235,218,2,NA,NA,NA,NA,NA,NA,19.583333333333332,18.166666666666668
1980,6,Illinois,NA,NA,1974.57,64,white,NA,233,212,12,NA,NA,NA,NA,NA,NA,19.416666666666668,17.666666666666668
1980,6,Maryland,NA,NA,1392.45,26,white,NA,209,300,2,NA,NA,NA,NA,NA,NA,17.416666666666668,25
1980,6,Arkansas,NA,NA,650.45,46,black,NA,191,9999,1,NA,NA,NA,NA,NA,NA,15.916666666666666,833.25
1980,6,Maryland,NA,NA,1648.58,40,white,NA,236,221,2,NA,NA,NA,NA,NA,NA,19.666666666666668,18.416666666666668
1980,6,Tennessee,NA,NA,1637.43,27,black,NA,236,9999,1,NA,NA,NA,NA,NA,NA,19.666666666666668,833.25
1980,6,Florida,NA,NA,1483.24,33,black,NA,211,255,10,NA,NA,NA,NA,NA,NA,17.583333333333332,21.25
1980,6,Maryland,NA,NA,1613.33,20,white,NA,223,219,5,NA,NA,NA,NA,NA,NA,18.583333333333332,18.25
1980,6,Georgia,NA,NA,1713.23,24,white,NA,227,215,12,NA,NA,NA,NA,NA,NA,18.916666666666668,17.916666666666668
1980,6,Wyoming,NA,NA,169.55,33,white,NA,234,217,2,NA,NA,NA,NA,NA,NA,19.5,18.083333333333332
1980,6,Mississippi,NA,NA,677.28,19,black,NA,212,212,2,NA,NA,NA,NA,NA,NA,17.666666666666668,17.666666666666668
1980,6,California,NA,NA,1425.38,21,other,NA,229,223,5,NA,NA,NA,NA,NA,NA,19.083333333333332,18.583333333333332
1980,6,Wisconsin,NA,NA,1942.95,27,white,NA,226,221,2,NA,NA,NA,NA,NA,NA,18.833333333333332,18.416666666666668
1980,6,California,NA,NA,1111.43,57,other,NA,231,208,7,NA,NA,NA,NA,NA,NA,19.25,17.333333333333332
1980,6,Georgia,NA,NA,1424.13,40,black,NA,192,205,2,NA,NA,NA,NA,NA,NA,16,17.083333333333332
1980,6,Rhode Island,NA,NA,524.3,24,white,NA,238,212,4,NA,NA,NA,NA,NA,NA,19.833333333333332,17.666666666666668
1980,6,Alaska,NA,NA,115.84,28,white,NA,222,9999,1,NA,NA,NA,NA,NA,NA,18.5,833.25
1980,6,California,NA,NA,1703.07,32,white,NA,234,306,5,NA,NA,NA,NA,NA,NA,19.5,25.5
1980,6,Florida,NA,NA,2044.12,27,black,NA,220,9999,1,NA,NA,NA,NA,NA,NA,18.333333333333332,833.25
1980,6,Nevada,NA,NA,249.81,43,white,NA,233,214,2,NA,NA,NA,NA,NA,NA,19.416666666666668,17.833333333333332
1980,6,Georgia,NA,NA,1762.74,45,white,NA,226,213,2,NA,NA,NA,NA,NA,NA,18.833333333333332,17.75
1980,6,California,NA,NA,1471.34,41,white,NA,212,9999,1,NA,NA,NA,NA,NA,NA,17.666666666666668,833.25
1980,6,Maine,NA,NA,469.44,24,white,NA,190,243,2,NA,NA,NA,NA,NA,NA,15.833333333333334,20.25
1980,6,Louisiana,NA,NA,1421.18,23,white,NA,234,216,2,NA,NA,NA,NA,NA,NA,19.5,18
1980,6,District of Columbia,NA,NA,421.69,35,black,NA,238,9999,1,NA,NA,NA,NA,NA,NA,19.833333333333332,833.25
1980,6,New York,NA,NA,2489.86,54,black,NA,218,191,2,NA,NA,NA,NA,NA,NA,18.166666666666668,15.916666666666666
1980,6,Mississippi,NA,NA,1231.65,21,black,NA,209,255,2,NA,NA,NA,NA,NA,NA,17.416666666666668,21.25
1980,6,Texas,NA,NA,1822.1,19,white,NA,204,201,2,NA,NA,NA,NA,NA,NA,17,16.75
1980,6,Arkansas,NA,NA,704.04,24,black,NA,226,9999,1,NA,NA,NA,NA,NA,NA,18.833333333333332,833.25
1980,6,South Carolina,NA,NA,1222.32,32,white,NA,235,248,2,NA,NA,NA,NA,NA,NA,19.583333333333332,20.666666666666668
1980,6,Tennessee,NA,NA,1958.12,27,black,NA,232,219,2,NA,NA,NA,NA,NA,NA,19.333333333333332,18.25
1980,6,Illinois,NA,NA,1820.65,72,white,NA,201,237,4,NA,NA,NA,NA,NA,NA,16.75,19.75
1980,6,New Mexico,NA,NA,236.82,71,white,NA,230,220,2,NA,NA,NA,NA,NA,NA,19.166666666666668,18.333333333333332
1980,6,New York,NA,NA,1674.62,33,white,NA,232,9999,1,NA,NA,NA,NA,NA,NA,19.333333333333332,833.25
1980,6,New York,NA,NA,1684.75,44,white,NA,234,224,2,NA,NA,NA,NA,NA,NA,19.5,18.666666666666668
1980,6,Missouri,NA,NA,1894.35,23,white,NA,187,178,4,NA,NA,NA,NA,NA,NA,15.583333333333334,14.833333333333334
1980,6,Texas,NA,NA,2030.53,64,white,NA,232,221,8,NA,NA,NA,NA,NA,NA,19.333333333333332,18.416666666666668
1980,6,Maryland,NA,NA,1528.05,45,white,NA,227,204,3,NA,NA,NA,NA,NA,NA,18.916666666666668,17
1980,6,Wyoming,NA,NA,388.41,38,white,NA,213,204,2,NA,NA,NA,NA,NA,NA,17.75,17
1980,6,New Jersey,NA,NA,1999.26,28,black,NA,187,195,5,NA,NA,NA,NA,NA,NA,15.583333333333334,16.25
1980,6,West Virginia,NA,NA,866.21,33,white,NA,200,192,2,NA,NA,NA,NA,NA,NA,16.666666666666668,16
1980,6,Illinois,NA,NA,1994.39,27,black,NA,229,221,2,NA,NA,NA,NA,NA,NA,19.083333333333332,18.416666666666668
1980,6,Georgia,NA,NA,1691.48,41,white,NA,214,201,10,NA,NA,NA,NA,NA,NA,17.833333333333332,16.75
1980,6,Iowa,NA,NA,416.72,52,white,NA,236,235,2,NA,NA,NA,NA,NA,NA,19.666666666666668,19.583333333333332
1980,6,New York,NA,NA,1564.25,35,white,NA,238,218,2,NA,NA,NA,NA,NA,NA,19.833333333333332,18.166666666666668
1980,6,Georgia,NA,NA,1291.2,35,white,NA,218,191,28,NA,NA,NA,NA,NA,NA,18.166666666666668,15.916666666666666
1980,6,Rhode Island,NA,NA,481.77,72,white,NA,219,204,3,NA,NA,NA,NA,NA,NA,18.25,17
1980,6,Illinois,NA,NA,1916.34,50,white,NA,236,221,2,NA,NA,NA,NA,NA,NA,19.666666666666668,18.416666666666668
1980,6,Nevada,NA,NA,224.48,27,black,NA,223,212,10,NA,NA,NA,NA,NA,NA,18.583333333333332,17.666666666666668
1980,6,Tennessee,NA,NA,1640.79,27,white,NA,192,9999,1,NA,NA,NA,NA,NA,NA,16,833.25
1980,6,California,NA,NA,1389.85,29,black,NA,236,274,5,NA,NA,NA,NA,NA,NA,19.666666666666668,22.833333333333332
1980,6,New Mexico,NA,NA,426.53,54,white,NA,233,206,2,NA,NA,NA,NA,NA,NA,19.416666666666668,17.166666666666668
1980,6,Utah,NA,NA,407.43,26,white,NA,213,200,10,NA,NA,NA,NA,NA,NA,17.75,16.666666666666668
1980,6,New York,NA,NA,1624.02,23,white,NA,223,206,4,NA,NA,NA,NA,NA,NA,18.583333333333332,17.166666666666668
1980,6,Kansas,NA,NA,1125.25,26,white,NA,225,221,26,NA,NA,NA,NA,NA,NA,18.75,18.416666666666668
1980,6,Hawaii,NA,NA,464.5,41,white,NA,221,214,2,NA,NA,NA,NA,NA,NA,18.416666666666668,17.833333333333332
1980,6,Arkansas,NA,NA,908.27,37,white,NA,200,188,2,NA,NA,NA,NA,NA,NA,16.666666666666668,15.666666666666666
1980,6,Pennsylvania,NA,NA,1058.83,54,white,NA,223,204,2,NA,NA,NA,NA,NA,NA,18.583333333333332,17
1980,6,Kentucky,NA,NA,1515.47,39,black,NA,197,188,2,NA,NA,NA,NA,NA,NA,16.416666666666668,15.666666666666666
1980,6,Michigan,NA,NA,1994.3,38,white,NA,227,207,28,NA,NA,NA,NA,NA,NA,18.916666666666668,17.25
1980,6,Wyoming,NA,NA,88.43,30,white,NA,217,213,10,NA,NA,NA,NA,NA,NA,18.083333333333332,17.75
1980,6,Hawaii,NA,NA,396.21,59,other,NA,219,241,26,NA,NA,NA,NA,NA,NA,18.25,20.083333333333332
1980,6,Washington,NA,NA,1441.29,31,white,NA,209,203,10,NA,NA,NA,NA,NA,NA,17.416666666666668,16.916666666666668
1980,6,Alabama,NA,NA,1302.65,56,white,NA,221,172,10,NA,NA,NA,NA,NA,NA,18.416666666666668,14.333333333333334
1980,6,Minnesota,NA,NA,420.93,28,white,NA,234,218,2,NA,NA,NA,NA,NA,NA,19.5,18.166666666666668
1980,6,Arizona,NA,NA,1095.41,28,white,NA,220,210,4,NA,NA,NA,NA,NA,NA,18.333333333333332,17.5
1980,6,Utah,NA,NA,341.31,27,white,NA,227,214,2,NA,NA,NA,NA,NA,NA,18.916666666666668,17.833333333333332
1980,6,Texas,NA,NA,1735.08,58,white,NA,203,196,2,NA,NA,NA,NA,NA,NA,16.916666666666668,16.333333333333332
1980,6,Missouri,NA,NA,1991.46,47,white,NA,220,211,2,NA,NA,NA,NA,NA,NA,18.333333333333332,17.583333333333332
1980,6,South Dakota,NA,NA,225.71,39,white,NA,237,225,2,NA,NA,NA,NA,NA,NA,19.75,18.75
1980,6,Colorado,NA,NA,980.44,41,white,NA,239,230,2,NA,NA,NA,NA,NA,NA,19.916666666666668,19.166666666666668
1980,6,Utah,NA,NA,429.55,31,white,NA,198,197,2,NA,NA,NA,NA,NA,NA,16.5,16.416666666666668
1980,6,Nevada,NA,NA,332.25,23,other,NA,211,199,10,NA,NA,NA,NA,NA,NA,17.583333333333332,16.583333333333332
1980,6,Tennessee,NA,NA,1672.84,19,white,NA,222,188,2,NA,NA,NA,NA,NA,NA,18.5,15.666666666666666
1980,6,California,NA,NA,1771.25,32,white,NA,236,226,2,NA,NA,NA,NA,NA,NA,19.666666666666668,18.833333333333332
1980,6,Nebraska,NA,NA,772.99,52,white,NA,231,211,2,NA,NA,NA,NA,NA,NA,19.25,17.583333333333332
1980,6,New Jersey,NA,NA,1768.03,57,white,NA,236,218,3,NA,NA,NA,NA,NA,NA,19.666666666666668,18.166666666666668
1980,6,Louisiana,NA,NA,1806.01,49,white,NA,186,175,10,NA,NA,NA,NA,NA,NA,15.5,14.583333333333334
1980,6,California,NA,NA,1711.67,30,white,NA,217,235,2,NA,NA,NA,NA,NA,NA,18.083333333333332,19.583333333333332
1980,6,Alaska,NA,NA,233.44,31,white,NA,232,336,2,NA,NA,NA,NA,NA,NA,19.333333333333332,28
1980,6,Georgia,NA,NA,1094.31,23,white,NA,225,213,2,NA,NA,NA,NA,NA,NA,18.75,17.75
1980,6,Maryland,NA,NA,1755.05,60,white,NA,213,204,3,NA,NA,NA,NA,NA,NA,17.75,17
1980,6,Texas,NA,NA,1860.45,28,black,NA,208,205,4,NA,NA,NA,NA,NA,NA,17.333333333333332,17.083333333333332
1980,6,Texas,NA,NA,1577.29,56,white,NA,239,212,6,NA,NA,NA,NA,NA,NA,19.916666666666668,17.666666666666668
1980,6,Texas,NA,NA,1681.73,27,white,NA,224,216,2,NA,NA,NA,NA,NA,NA,18.666666666666668,18
1980,6,California,NA,NA,1564.88,22,black,NA,206,199,5,NA,NA,NA,NA,NA,NA,17.166666666666668,16.583333333333332
1980,6,California,NA,NA,1774.8,53,white,NA,224,216,10,NA,NA,NA,NA,NA,NA,18.666666666666668,18
1980,6,Washington,NA,NA,1555.05,29,white,NA,227,221,2,NA,NA,NA,NA,NA,NA,18.916666666666668,18.416666666666668
1980,6,Nevada,NA,NA,253.19,20,black,NA,222,232,2,NA,NA,NA,NA,NA,NA,18.5,19.333333333333332
1980,6,New Jersey,NA,NA,1946.73,39,white,NA,238,220,2,NA,NA,NA,NA,NA,NA,19.833333333333332,18.333333333333332
1980,6,West Virginia,NA,NA,768.22,36,white,NA,210,196,2,NA,NA,NA,NA,NA,NA,17.5,16.333333333333332
1980,6,New Hampshire,NA,NA,368.17,49,white,NA,236,220,2,NA,NA,NA,NA,NA,NA,19.666666666666668,18.333333333333332
1980,6,Wyoming,NA,NA,108.05,32,white,NA,216,179,4,NA,NA,NA,NA,NA,NA,18,14.916666666666666
1980,6,Mississippi,NA,NA,861.08,47,white,NA,214,198,2,NA,NA,NA,NA,NA,NA,17.833333333333332,16.5
1980,6,Texas,NA,NA,1979.17,27,white,NA,239,232,2,NA,NA,NA,NA,NA,NA,19.916666666666668,19.333333333333332
1980,6,Nevada,NA,NA,225.4,29,white,NA,225,220,10,NA,NA,NA,NA,NA,NA,18.75,18.333333333333332
1980,6,Texas,NA,NA,3212.38,57,white,NA,207,309,2,NA,NA,NA,NA,NA,NA,17.25,25.75
1980,6,North Dakota,NA,NA,159.65,60,white,NA,238,332,10,NA,NA,NA,NA,NA,NA,19.833333333333332,27.666666666666668
1980,6,Oregon,NA,NA,588.83,36,white,NA,233,223,2,NA,NA,NA,NA,NA,NA,19.416666666666668,18.583333333333332
1980,6,West Virginia,NA,NA,726.85,21,white,NA,184,189,2,NA,NA,NA,NA,NA,NA,15.333333333333334,15.75
1980,6,Idaho,NA,NA,267.11,40,white,NA,237,195,26,NA,NA,NA,NA,NA,NA,19.75,16.25
1980,6,Iowa,NA,NA,1122.74,41,white,NA,219,205,2,NA,NA,NA,NA,NA,NA,18.25,17.083333333333332
1980,6,Oklahoma,NA,NA,1336.95,26,white,NA,225,208,10,NA,NA,NA,NA,NA,NA,18.75,17.333333333333332
1980,6,Arkansas,NA,NA,692.02,73,white,NA,208,324,11,NA,NA,NA,NA,NA,NA,17.333333333333332,27
1980,6,Kansas,NA,NA,1152.86,23,white,NA,239,214,2,NA,NA,NA,NA,NA,NA,19.916666666666668,17.833333333333332
1980,6,North Dakota,NA,NA,328.04,32,white,NA,223,211,2,NA,NA,NA,NA,NA,NA,18.583333333333332,17.583333333333332
1980,6,South Dakota,NA,NA,210.37,25,white,NA,216,219,2,NA,NA,NA,NA,NA,NA,18,18.25
1980,6,South Dakota,NA,NA,255.79,32,white,NA,201,194,2,NA,NA,NA,NA,NA,NA,16.75,16.166666666666668
1980,6,Alabama,NA,NA,1317.21,40,white,NA,236,225,2,NA,NA,NA,NA,NA,NA,19.666666666666668,18.75
1980,6,California,NA,NA,1859.39,25,black,NA,191,242,5,NA,NA,NA,NA,NA,NA,15.916666666666666,20.166666666666668
1980,6,New Jersey,NA,NA,2097.6,31,white,NA,222,228,2,NA,NA,NA,NA,NA,NA,18.5,19
1980,6,Utah,NA,NA,437.87,64,white,NA,224,209,3,NA,NA,NA,NA,NA,NA,18.666666666666668,17.416666666666668
1980,6,Oregon,NA,NA,1130.32,29,white,NA,228,219,2,NA,NA,NA,NA,NA,NA,19,18.25
1980,6,Colorado,NA,NA,1061.69,56,white,NA,235,224,10,NA,NA,NA,NA,NA,NA,19.583333333333332,18.666666666666668
1980,6,Georgia,NA,NA,1305.5,60,white,NA,231,214,2,NA,NA,NA,NA,NA,NA,19.25,17.833333333333332
1980,6,Indiana,NA,NA,1396.84,27,white,NA,216,242,10,NA,NA,NA,NA,NA,NA,18,20.166666666666668
1980,6,North Carolina,NA,NA,1930.07,26,white,NA,200,202,2,NA,NA,NA,NA,NA,NA,16.666666666666668,16.833333333333332
1980,6,Alabama,NA,NA,1332.88,67,white,NA,229,258,6,NA,NA,NA,NA,NA,NA,19.083333333333332,21.5
1980,6,Colorado,NA,NA,1208.38,23,white,NA,227,213,10,NA,NA,NA,NA,NA,NA,18.916666666666668,17.75
1980,6,Missouri,NA,NA,1902.23,44,black,NA,192,259,2,NA,NA,NA,NA,NA,NA,16,21.583333333333332
1980,6,Wisconsin,NA,NA,1707.59,44,white,NA,228,219,2,NA,NA,NA,NA,NA,NA,19,18.25
1980,6,Tennessee,NA,NA,2168.15,24,white,NA,218,209,2,NA,NA,NA,NA,NA,NA,18.166666666666668,17.416666666666668
1980,6,Kansas,NA,NA,1136.36,56,white,NA,233,224,2,NA,NA,NA,NA,NA,NA,19.416666666666668,18.666666666666668
1980,6,Arizona,NA,NA,1268.52,71,white,NA,238,223,10,NA,NA,NA,NA,NA,NA,19.833333333333332,18.583333333333332
1980,6,Mississippi,NA,NA,533.68,38,white,NA,210,200,2,NA,NA,NA,NA,NA,NA,17.5,16.666666666666668
1980,6,Indiana,NA,NA,1583.43,20,other,NA,211,9999,1,NA,NA,NA,NA,NA,NA,17.583333333333332,833.25
1980,6,Ohio,NA,NA,1728.51,21,white,NA,198,193,4,NA,NA,NA,NA,NA,NA,16.5,16.083333333333332
1980,6,New Mexico,NA,NA,525.36,47,white,NA,211,203,26,NA,NA,NA,NA,NA,NA,17.583333333333332,16.916666666666668
1980,6,South Carolina,NA,NA,941.32,55,black,NA,191,192,2,NA,NA,NA,NA,NA,NA,15.916666666666666,16
1980,6,California,NA,NA,1724.78,27,white,NA,213,198,5,NA,NA,NA,NA,NA,NA,17.75,16.5
1980,6,Washington,NA,NA,2254.48,39,white,NA,234,223,2,NA,NA,NA,NA,NA,NA,19.5,18.583333333333332
1980,6,California,NA,NA,1589.82,38,other,NA,220,199,2,NA,NA,NA,NA,NA,NA,18.333333333333332,16.583333333333332
1980,6,Georgia,NA,NA,1768.03,46,white,NA,224,233,2,NA,NA,NA,NA,NA,NA,18.666666666666668,19.416666666666668
1980,6,Minnesota,NA,NA,359.63,48,white,NA,228,213,2,NA,NA,NA,NA,NA,NA,19,17.75
1980,6,Missouri,NA,NA,1887.66,31,white,NA,219,210,4,NA,NA,NA,NA,NA,NA,18.25,17.5
1980,6,Massachusetts,NA,NA,1683.33,38,white,NA,217,219,3,NA,NA,NA,NA,NA,NA,18.083333333333332,18.25
1980,6,New Mexico,NA,NA,673.48,24,white,NA,236,223,2,NA,NA,NA,NA,NA,NA,19.666666666666668,18.583333333333332
1980,6,South Carolina,NA,NA,1045.7,47,black,NA,193,187,9,NA,NA,NA,NA,NA,NA,16.083333333333332,15.583333333333334
1980,6,West Virginia,NA,NA,623.67,49,white,NA,238,220,2,NA,NA,NA,NA,NA,NA,19.833333333333332,18.333333333333332
1980,6,Connecticut,NA,NA,1594.34,39,white,NA,238,232,5,NA,NA,NA,NA,NA,NA,19.833333333333332,19.333333333333332
1980,6,New Jersey,NA,NA,1671.85,37,white,NA,239,216,26,NA,NA,NA,NA,NA,NA,19.916666666666668,18
1980,6,Texas,NA,NA,1877.89,54,white,NA,203,192,2,NA,NA,NA,NA,NA,NA,16.916666666666668,16
1980,6,Missouri,NA,NA,1624.78,33,white,NA,216,210,2,NA,NA,NA,NA,NA,NA,18,17.5
1980,6,West Virginia,NA,NA,613.5,28,white,NA,229,224,2,NA,NA,NA,NA,NA,NA,19.083333333333332,18.666666666666668
1980,6,California,NA,NA,1578.62,64,white,NA,222,206,3,NA,NA,NA,NA,NA,NA,18.5,17.166666666666668
1980,6,Michigan,NA,NA,1723.73,31,black,NA,208,9999,1,NA,NA,NA,NA,NA,NA,17.333333333333332,833.25
1980,6,California,NA,NA,1448.24,16,white,NA,201,195,2,NA,NA,NA,NA,NA,NA,16.75,16.25
1980,6,Minnesota,NA,NA,642.39,56,white,NA,220,214,2,NA,NA,NA,NA,NA,NA,18.333333333333332,17.833333333333332
1980,6,Texas,NA,NA,1822.56,32,white,NA,205,196,2,NA,NA,NA,NA,NA,NA,17.083333333333332,16.333333333333332
1980,6,Utah,NA,NA,461.1,47,white,NA,231,220,6,NA,NA,NA,NA,NA,NA,19.25,18.333333333333332
1980,6,California,NA,NA,2047.18,24,white,NA,217,198,2,NA,NA,NA,NA,NA,NA,18.083333333333332,16.5
1980,6,Rhode Island,NA,NA,397.36,25,white,NA,224,218,2,NA,NA,NA,NA,NA,NA,18.666666666666668,18.166666666666668
1980,6,Washington,NA,NA,1782.55,46,white,NA,208,186,10,NA,NA,NA,NA,NA,NA,17.333333333333332,15.5
1980,6,New York,NA,NA,1985.11,54,white,NA,238,191,10,NA,NA,NA,NA,NA,NA,19.833333333333332,15.916666666666666
1980,6,Montana,NA,NA,278.42,24,other,NA,218,219,5,NA,NA,NA,NA,NA,NA,18.166666666666668,18.25
1980,6,Kentucky,NA,NA,1375.88,53,white,NA,219,208,2,NA,NA,NA,NA,NA,NA,18.25,17.333333333333332
1980,6,Ohio,NA,NA,1548.91,47,white,NA,215,203,2,NA,NA,NA,NA,NA,NA,17.916666666666668,16.916666666666668
1980,6,Mississippi,NA,NA,642.19,45,white,NA,224,215,2,NA,NA,NA,NA,NA,NA,18.666666666666668,17.916666666666668
1980,6,Minnesota,NA,NA,1610.38,25,white,NA,208,195,12,NA,NA,NA,NA,NA,NA,17.333333333333332,16.25
1980,6,New York,NA,NA,1781.32,50,black,NA,220,218,10,NA,NA,NA,NA,NA,NA,18.333333333333332,18.166666666666668
1980,6,New York,NA,NA,1955.62,41,white,NA,228,214,2,NA,NA,NA,NA,NA,NA,19,17.833333333333332
1980,6,Louisiana,NA,NA,1367.89,46,white,NA,231,224,10,NA,NA,NA,NA,NA,NA,19.25,18.666666666666668
1990,6,Texas,NA,NA,2499.55,31,black,NA,219,9999,1,NA,NA,NA,NA,NA,NA,18.25,833.25
1990,6,Utah,NA,NA,856.36,23,white,NA,233,221,2,NA,NA,NA,NA,NA,NA,19.416666666666668,18.416666666666668
1990,6,New Hampshire,NA,NA,768.18,33,white,NA,226,216,2,NA,NA,NA,NA,NA,NA,18.833333333333332,18
1990,6,Illinois,NA,NA,1796.53,31,black,NA,239,9999,1,NA,NA,NA,NA,NA,NA,19.916666666666668,833.25
1990,6,Illinois,NA,NA,2658.93,20,black,NA,229,9999,1,35,NA,200,NA,60,NA,19.083333333333332,833.25
1990,6,Tennessee,NA,NA,3182.45,59,white,NA,229,206,4,NA,NA,NA,NA,NA,NA,19.083333333333332,17.166666666666668
1990,6,New York,NA,NA,1858.79,42,black,NA,227,290,3,NA,NA,NA,NA,NA,NA,18.916666666666668,24.166666666666668
1990,6,Utah,NA,NA,947.78,53,white,NA,227,218,2,NA,NA,NA,NA,NA,NA,18.916666666666668,18.166666666666668
1990,6,West Virginia,NA,NA,1025.53,48,white,NA,219,212,2,NA,NA,NA,NA,NA,NA,18.25,17.666666666666668
1990,6,Idaho,NA,NA,405.48,27,white,NA,236,217,2,NA,NA,NA,NA,NA,NA,19.666666666666668,18.083333333333332
1990,6,Michigan,NA,NA,1303.78,47,white,NA,218,206,26,NA,NA,NA,NA,NA,NA,18.166666666666668,17.166666666666668
1990,6,South Carolina,NA,NA,1898.34,24,black,NA,239,235,2,NA,NA,NA,NA,NA,NA,19.916666666666668,19.583333333333332
1990,6,Mississippi,NA,NA,1188.4,30,black,NA,180,326,4,NA,NA,NA,NA,NA,NA,15,27.166666666666668
1990,6,West Virginia,NA,NA,903.09,57,black,NA,228,259,2,NA,NA,NA,NA,NA,NA,19,21.583333333333332
1990,6,Nebraska,NA,NA,741.01,30,white,NA,209,179,13,NA,NA,NA,NA,NA,NA,17.416666666666668,14.916666666666666
1990,6,California,NA,NA,2674.61,62,white,NA,235,198,2,NA,NA,NA,NA,NA,NA,19.583333333333332,16.5
1990,6,New York,NA,NA,1612.1,47,black,NA,203,259,3,NA,NA,NA,NA,NA,NA,16.916666666666668,21.583333333333332
1990,6,Missouri,NA,NA,3442.15,20,white,NA,237,9999,1,41,40,100,100,73,122,19.75,833.25
1990,6,Ohio,NA,NA,1560.92,43,white,NA,215,219,10,NA,NA,NA,NA,NA,NA,17.916666666666668,18.25
1990,6,Virginia,NA,NA,2474.29,39,white,NA,211,218,10,NA,NA,NA,NA,NA,NA,17.583333333333332,18.166666666666668
1990,6,Georgia,NA,NA,4801.24,20,asian,NA,215,208,2,NA,NA,NA,NA,NA,NA,17.916666666666668,17.333333333333332
1990,6,Illinois,NA,NA,1593.62,57,black,NA,185,9999,1,NA,NA,NA,NA,NA,NA,15.416666666666666,833.25
1990,6,New Jersey,NA,NA,1331.31,42,white,NA,203,199,4,NA,NA,NA,NA,NA,NA,16.916666666666668,16.583333333333332
1990,6,Florida,NA,NA,2247.07,50,white,NA,225,216,4,NA,NA,NA,NA,NA,NA,18.75,18
1990,6,New York,NA,NA,1503.37,33,white,NA,239,199,4,NA,NA,NA,NA,NA,NA,19.916666666666668,16.583333333333332
1990,6,New Mexico,NA,NA,805.99,42,white,NA,229,216,2,NA,NA,NA,NA,NA,NA,19.083333333333332,18
1990,6,Kentucky,NA,NA,1988.71,34,white,NA,216,207,2,NA,NA,NA,NA,NA,NA,18,17.25
1990,6,North Carolina,NA,NA,1178.71,28,white,NA,232,231,2,NA,NA,NA,NA,NA,NA,19.333333333333332,19.25
1990,6,Nebraska,NA,NA,781.71,46,white,NA,233,223,22,NA,NA,NA,NA,NA,NA,19.416666666666668,18.583333333333332
1990,6,Tennessee,NA,NA,2464.74,33,black,NA,236,9999,1,NA,NA,NA,NA,NA,NA,19.666666666666668,833.25
1990,6,Texas,NA,NA,2365.11,55,white,NA,205,196,26,NA,NA,NA,NA,NA,NA,17.083333333333332,16.333333333333332
1990,6,Florida,NA,NA,1611.46,62,white,NA,185,195,2,NA,NA,NA,NA,NA,NA,15.416666666666666,16.25
1990,6,Alabama,NA,NA,2609.11,58,white,NA,221,506,2,NA,NA,NA,NA,NA,NA,18.416666666666668,42.166666666666664
1990,6,Texas,NA,NA,2227.77,35,white,NA,184,176,2,NA,NA,NA,NA,NA,NA,15.333333333333334,14.666666666666666
1990,6,Mississippi,NA,NA,1323.36,53,white,NA,233,222,2,NA,NA,NA,NA,NA,NA,19.416666666666668,18.5
1990,6,Alabama,NA,NA,3772.14,22,white,NA,205,199,2,NA,NA,NA,NA,NA,NA,17.083333333333332,16.583333333333332
1990,6,Alabama,NA,NA,1708.55,32,white,NA,221,168,28,NA,NA,NA,NA,NA,NA,18.416666666666668,14
1990,6,Mississippi,NA,NA,1090.78,36,black,NA,236,216,5,NA,NA,NA,NA,NA,NA,19.666666666666668,18
1990,6,Maryland,NA,NA,3966.23,30,black,NA,213,9999,1,44,NA,200,NA,22,NA,17.75,833.25
1990,6,Michigan,NA,NA,1335.93,31,white,NA,212,244,4,NA,NA,NA,NA,NA,NA,17.666666666666668,20.333333333333332
1990,6,Pennsylvania,NA,NA,1793.75,51,white,NA,209,205,4,NA,NA,NA,NA,NA,NA,17.416666666666668,17.083333333333332
1990,6,Pennsylvania,NA,NA,1767.7,33,white,NA,204,212,12,NA,NA,NA,NA,NA,NA,17,17.666666666666668
1990,6,Kansas,NA,NA,1286.63,51,white,NA,234,228,28,68,NA,100,NA,32,NA,19.5,19
1990,6,Illinois,NA,NA,1917.86,55,white,NA,226,216,2,NA,NA,NA,NA,NA,NA,18.833333333333332,18
1990,6,Oregon,NA,NA,1845.28,55,white,NA,235,241,4,NA,NA,NA,NA,NA,NA,19.583333333333332,20.083333333333332
1990,6,New Jersey,NA,NA,1137.96,43,black,NA,206,248,2,NA,NA,NA,NA,NA,NA,17.166666666666668,20.666666666666668
1990,6,West Virginia,NA,NA,1745.5,35,white,NA,229,176,2,NA,NA,NA,NA,NA,NA,19.083333333333332,14.666666666666666
1990,6,Wisconsin,NA,NA,2172.15,54,white,NA,230,217,3,NA,NA,NA,NA,NA,NA,19.166666666666668,18.083333333333332
1990,6,North Carolina,NA,NA,885.33,33,white,NA,220,219,2,NA,NA,NA,NA,NA,NA,18.333333333333332,18.25
1990,6,Pennsylvania,NA,NA,2177.78,30,white,NA,236,215,2,NA,NA,NA,NA,NA,NA,19.666666666666668,17.916666666666668
1990,6,Alabama,NA,NA,1886.07,21,white,NA,192,186,2,NA,NA,NA,NA,NA,NA,16,15.5
1990,6,Michigan,NA,NA,1320.13,34,white,NA,236,302,2,NA,NA,NA,NA,NA,NA,19.666666666666668,25.166666666666668
1990,6,Florida,NA,NA,1525.61,47,white,NA,225,219,12,NA,NA,NA,NA,NA,NA,18.75,18.25
1990,6,New Jersey,NA,NA,1436.46,25,black,NA,218,9999,1,NA,NA,NA,NA,NA,NA,18.166666666666668,833.25
1990,6,Texas,NA,NA,2663.91,28,white,NA,191,181,28,50,50,100,100,72,121,15.916666666666666,15.083333333333334
1990,6,Florida,NA,NA,2257.36,41,white,NA,238,220,10,NA,NA,NA,NA,NA,NA,19.833333333333332,18.333333333333332
1990,6,Georgia,NA,NA,3154.59,44,black,NA,205,202,10,NA,NA,NA,NA,NA,NA,17.083333333333332,16.833333333333332
1990,6,Tennessee,NA,NA,2666.33,65,white,NA,193,170,10,NA,NA,NA,NA,NA,NA,16.083333333333332,14.166666666666666
1990,6,Ohio,NA,NA,1659.38,31,white,NA,221,201,2,NA,NA,NA,NA,NA,NA,18.416666666666668,16.75
1990,6,California,NA,NA,2738.75,45,white,NA,234,227,4,NA,NA,NA,NA,NA,NA,19.5,18.916666666666668
1990,6,Pennsylvania,NA,NA,2029.88,25,black,NA,211,9999,1,41,NA,200,NA,40,NA,17.583333333333332,833.25
1990,6,Illinois,NA,NA,1923.49,46,white,NA,233,224,2,NA,NA,NA,NA,NA,NA,19.416666666666668,18.666666666666668
1990,6,West Virginia,NA,NA,911.32,37,white,NA,228,212,10,NA,NA,NA,NA,NA,NA,19,17.666666666666668
1990,6,Pennsylvania,NA,NA,1722.34,56,white,NA,218,207,2,NA,NA,NA,NA,NA,NA,18.166666666666668,17.25
1990,6,New Jersey,NA,NA,1637.22,48,black,NA,216,183,10,NA,NA,NA,NA,NA,NA,18,15.25
1990,6,Texas,NA,NA,3065.1,58,white,NA,215,196,3,NA,NA,NA,NA,NA,NA,17.916666666666668,16.333333333333332
1990,6,Georgia,NA,NA,3141.99,59,black,NA,204,196,3,NA,NA,NA,NA,NA,NA,17,16.333333333333332
1990,6,Michigan,NA,NA,1474.29,29,black,3yrcoll,221,255,2,NA,NA,NA,NA,NA,NA,18.416666666666668,21.25
1990,6,Montana,NA,NA,370.99,26,americanindian,NA,186,9999,1,NA,NA,NA,NA,NA,NA,15.5,833.25
1990,6,Michigan,NA,NA,1399.12,44,white,NA,225,216,2,NA,NA,NA,NA,NA,NA,18.75,18
1990,6,South Carolina,NA,NA,1593.15,41,white,NA,223,224,26,NA,NA,NA,NA,NA,NA,18.583333333333332,18.666666666666668
1990,6,Rhode Island,NA,NA,594.21,51,asian,NA,206,195,2,NA,NA,NA,NA,NA,NA,17.166666666666668,16.25
1990,6,Pennsylvania,NA,NA,1698.92,37,white,NA,229,217,2,NA,NA,NA,NA,NA,NA,19.083333333333332,18.083333333333332
1990,6,New York,NA,NA,1580.74,19,black,NA,204,9999,1,46,NA,200,NA,60,NA,17,833.25
1990,6,Kentucky,NA,NA,1737.68,38,white,NA,235,226,10,NA,NA,NA,NA,NA,NA,19.583333333333332,18.833333333333332
1990,6,Washington,NA,NA,2407.33,48,white,NA,234,223,2,NA,NA,NA,NA,NA,NA,19.5,18.583333333333332
1990,6,Arkansas,NA,NA,1812.99,22,black,NA,228,9999,1,NA,NA,NA,NA,NA,NA,19,833.25
1990,6,Ohio,NA,NA,1877.74,28,white,NA,229,236,5,NA,NA,NA,NA,NA,NA,19.083333333333332,19.666666666666668
1990,6,Texas,NA,NA,2960.1,23,white,NA,216,186,10,NA,NA,NA,NA,NA,NA,18,15.5
1990,6,Oregon,NA,NA,1494.38,63,white,NA,223,214,3,NA,NA,NA,NA,NA,NA,18.583333333333332,17.833333333333332
1990,6,South Dakota,NA,NA,330.21,44,white,NA,235,222,2,NA,NA,NA,NA,NA,NA,19.583333333333332,18.5
1990,6,California,NA,NA,1777.17,26,other,NA,232,223,2,NA,NA,NA,NA,NA,NA,19.333333333333332,18.583333333333332
1990,6,North Carolina,NA,NA,954.98,26,black,NA,207,217,2,NA,NA,NA,NA,NA,NA,17.25,18.083333333333332
1990,6,Ohio,NA,NA,1792.31,50,white,NA,234,216,2,NA,NA,NA,NA,NA,NA,19.5,18
1990,6,Kentucky,NA,NA,2163.36,35,white,NA,220,208,2,NA,NA,NA,NA,NA,NA,18.333333333333332,17.333333333333332
1990,6,Pennsylvania,NA,NA,1695.52,34,white,NA,213,211,2,NA,NA,NA,NA,NA,NA,17.75,17.583333333333332
1990,6,California,NA,NA,2353.09,42,white,NA,216,213,12,NA,NA,NA,NA,NA,NA,18,17.75
1990,6,Pennsylvania,NA,NA,1789.96,52,white,NA,231,225,5,86,NA,100,NA,72,NA,19.25,18.75
1990,6,California,NA,NA,2755.71,36,white,NA,181,9999,1,NA,NA,NA,NA,NA,NA,15.083333333333334,833.25
1990,6,California,NA,NA,1969.76,20,white,NA,237,229,2,NA,NA,NA,NA,NA,NA,19.75,19.083333333333332
1990,6,Delaware,NA,NA,395.04,44,black,NA,227,235,4,NA,NA,NA,NA,NA,NA,18.916666666666668,19.583333333333332
1990,6,New Jersey,NA,NA,1172.03,55,white,NA,237,228,2,NA,NA,NA,NA,NA,NA,19.75,19
1990,6,Idaho,NA,NA,497.34,27,white,NA,188,182,4,NA,NA,NA,NA,NA,NA,15.666666666666666,15.166666666666666
1990,6,California,NA,NA,2654.16,22,white,NA,238,9999,1,NA,NA,NA,NA,NA,NA,19.833333333333332,833.25
1990,6,Mississippi,NA,NA,1140.19,18,black,NA,214,9999,1,40,NA,200,NA,32,NA,17.833333333333332,833.25
1990,6,Michigan,NA,NA,1160.57,16,black,NA,192,9999,1,NA,31,NA,200,NA,72,16,833.25
1990,6,Missouri,NA,NA,2661.27,47,white,NA,214,199,6,NA,NA,NA,NA,NA,NA,17.833333333333332,16.583333333333332
1990,6,Montana,NA,NA,402.73,39,white,NA,229,223,2,NA,NA,NA,NA,NA,NA,19.083333333333332,18.583333333333332
1990,6,Michigan,NA,NA,1295.87,45,white,NA,231,209,2,NA,NA,NA,NA,NA,NA,19.25,17.416666666666668
1990,6,South Carolina,NA,NA,1558.63,50,black,NA,183,510,5,NA,NA,NA,NA,NA,NA,15.25,42.5
1990,6,Utah,NA,NA,820.2,63,white,NA,227,220,12,NA,NA,NA,NA,NA,NA,18.916666666666668,18.333333333333332
1990,6,North Carolina,NA,NA,991.13,32,white,NA,210,204,2,NA,NA,NA,NA,NA,NA,17.5,17
1990,6,Kentucky,NA,NA,2715.69,20,white,NA,230,9999,1,NA,NA,NA,NA,NA,NA,19.166666666666668,833.25
1990,6,New Hampshire,NA,NA,952.51,42,white,NA,226,224,10,NA,NA,NA,NA,NA,NA,18.833333333333332,18.666666666666668
1990,6,Florida,NA,NA,1869.19,29,black,NA,205,237,5,NA,NA,NA,NA,NA,NA,17.083333333333332,19.75
1990,6,Alabama,NA,NA,2299.97,50,black,NA,219,487,5,NA,NA,NA,NA,NA,NA,18.25,40.583333333333336
1990,6,Louisiana,NA,NA,3017.59,28,black,NA,237,234,5,NA,NA,NA,NA,NA,NA,19.75,19.5
1990,6,Michigan,NA,NA,1346.57,58,black,NA,229,202,2,NA,NA,NA,NA,NA,NA,19.083333333333332,16.833333333333332
1990,6,Kansas,NA,NA,1435.12,39,white,NA,226,217,4,NA,NA,NA,NA,NA,NA,18.833333333333332,18.083333333333332
1990,6,Idaho,NA,NA,500.54,62,white,NA,234,205,26,NA,NA,NA,NA,NA,NA,19.5,17.083333333333332
1990,6,Maine,NA,NA,727.64,37,white,NA,224,219,2,NA,NA,NA,NA,NA,NA,18.666666666666668,18.25
1990,6,Florida,NA,NA,1518,51,black,NA,214,243,27,NA,NA,NA,NA,NA,NA,17.833333333333332,20.25
1990,6,New York,NA,NA,1888.39,18,white,NA,210,214,5,NA,NA,NA,NA,NA,NA,17.5,17.833333333333332
1990,6,New York,NA,NA,2255.28,24,white,NA,236,9999,1,NA,NA,NA,NA,NA,NA,19.666666666666668,833.25
1990,6,Massachusetts,NA,NA,1214.22,44,black,NA,207,197,12,NA,NA,NA,NA,NA,NA,17.25,16.416666666666668
1990,6,Delaware,NA,NA,402.75,36,white,NA,187,190,10,NA,NA,NA,NA,NA,NA,15.583333333333334,15.833333333333334
1990,6,Montana,NA,NA,443.42,34,white,NA,238,298,6,NA,NA,NA,NA,NA,NA,19.833333333333332,24.833333333333332
1990,6,Wyoming,NA,NA,351.02,34,white,NA,222,215,26,NA,NA,NA,NA,NA,NA,18.5,17.916666666666668
1990,6,Iowa,NA,NA,1175.48,59,white,NA,207,284,10,NA,NA,NA,NA,NA,NA,17.25,23.666666666666668
1990,6,South Dakota,NA,NA,348.41,23,americanindian,NA,211,217,2,NA,NA,NA,NA,NA,NA,17.583333333333332,18.083333333333332
1990,6,West Virginia,NA,NA,1468.59,22,black,NA,185,9999,1,NA,NA,NA,NA,NA,NA,15.416666666666666,833.25
1990,6,Texas,NA,NA,2042.39,48,white,NA,238,232,2,NA,NA,NA,NA,NA,NA,19.833333333333332,19.333333333333332
1990,6,Ohio,NA,NA,1438.9,48,white,NA,232,185,26,NA,NA,NA,NA,NA,NA,19.333333333333332,15.416666666666666
1990,6,Vermont,NA,NA,541.97,59,white,NA,204,279,2,NA,NA,NA,NA,NA,NA,17,23.25
1990,6,Arizona,NA,NA,1818.7,47,white,NA,193,188,2,NA,NA,NA,NA,NA,NA,16.083333333333332,15.666666666666666
1990,6,New Mexico,NA,NA,785.35,32,white,NA,212,194,2,NA,NA,NA,NA,NA,NA,17.666666666666668,16.166666666666668
1990,6,North Carolina,NA,NA,917.8,43,white,NA,233,223,2,NA,NA,NA,NA,NA,NA,19.416666666666668,18.583333333333332
1990,6,Pennsylvania,NA,NA,1830.18,43,white,NA,223,202,2,NA,NA,NA,NA,NA,NA,18.583333333333332,16.833333333333332
1990,6,South Carolina,NA,NA,1528.82,56,white,NA,237,213,3,NA,NA,NA,NA,NA,NA,19.75,17.75
1990,6,California,NA,NA,2645.97,29,white,NA,220,210,2,NA,NA,NA,NA,NA,NA,18.333333333333332,17.5
1990,6,Alaska,NA,NA,203.08,42,white,NA,224,216,2,NA,NA,NA,NA,NA,NA,18.666666666666668,18
1990,6,Kansas,NA,NA,1016.65,56,white,NA,234,228,2,NA,NA,NA,NA,NA,NA,19.5,19
1990,6,California,NA,NA,2750.68,48,white,NA,217,209,12,NA,NA,NA,NA,NA,NA,18.083333333333332,17.416666666666668
1990,6,Ohio,NA,NA,1851.15,28,white,NA,214,207,10,NA,NA,NA,NA,NA,NA,17.833333333333332,17.25
1990,6,Michigan,NA,NA,1455.34,37,white,NA,203,199,28,NA,NA,NA,NA,NA,NA,16.916666666666668,16.583333333333332
1990,6,California,NA,NA,1615.67,61,white,NA,220,213,2,NA,NA,NA,NA,NA,NA,18.333333333333332,17.75
1990,6,New York,NA,NA,1988.01,25,black,NA,220,9999,1,54,NA,200,NA,72,NA,18.333333333333332,833.25
1990,6,New York,NA,NA,1843.96,41,black,NA,234,357,2,NA,NA,NA,NA,NA,NA,19.5,29.75
1990,6,South Carolina,NA,NA,1479.45,35,white,NA,222,206,10,NA,NA,NA,NA,NA,NA,18.5,17.166666666666668
1990,6,Nevada,NA,NA,683.76,36,white,NA,232,219,4,NA,NA,NA,NA,NA,NA,19.333333333333332,18.25
1990,6,New Mexico,NA,NA,952.48,58,white,NA,230,216,10,NA,NA,NA,NA,NA,NA,19.166666666666668,18
1990,6,Oklahoma,NA,NA,1564.3,51,white,NA,223,195,11,NA,NA,NA,NA,NA,NA,18.583333333333332,16.25
1990,6,Texas,NA,NA,3622.05,38,white,NA,230,223,2,NA,NA,NA,NA,NA,NA,19.166666666666668,18.583333333333332
1990,6,Missouri,NA,NA,2071.99,65,white,NA,232,218,2,NA,NA,NA,NA,NA,NA,19.333333333333332,18.166666666666668
1990,6,Texas,NA,NA,2222.99,20,white,NA,217,208,2,NA,NA,NA,NA,NA,NA,18.083333333333332,17.333333333333332
1990,6,Ohio,NA,NA,1605.9,39,white,NA,205,196,10,NA,NA,NA,NA,NA,NA,17.083333333333332,16.333333333333332
1990,6,Florida,NA,NA,3144.33,33,white,NA,196,180,4,NA,NA,NA,NA,NA,NA,16.333333333333332,15
1990,6,Texas,NA,NA,2380.98,36,white,NA,219,211,10,NA,NA,NA,NA,NA,NA,18.25,17.583333333333332
1990,6,Pennsylvania,NA,NA,2246.67,42,black,NA,225,235,4,NA,NA,NA,NA,NA,NA,18.75,19.583333333333332
1990,6,South Carolina,NA,NA,1451.89,44,black,NA,217,218,2,NA,NA,NA,NA,NA,NA,18.083333333333332,18.166666666666668
1990,6,Massachusetts,NA,NA,960.85,40,white,NA,217,215,2,NA,NA,NA,NA,NA,NA,18.083333333333332,17.916666666666668
1990,6,North Carolina,NA,NA,1167.99,62,white,NA,232,204,6,NA,NA,NA,NA,NA,NA,19.333333333333332,17
1990,6,California,NA,NA,2654.16,20,white,NA,223,206,2,NA,NA,NA,NA,NA,NA,18.583333333333332,17.166666666666668
1990,6,Wisconsin,NA,NA,2160.94,25,white,NA,231,267,2,NA,NA,NA,NA,NA,NA,19.25,22.25
1990,6,New Jersey,NA,NA,1201.43,31,white,NA,210,206,10,NA,NA,NA,NA,NA,NA,17.5,17.166666666666668
1990,6,Michigan,NA,NA,1382.32,56,white,NA,207,229,2,NA,NA,NA,NA,NA,NA,17.25,19.083333333333332
1990,6,Georgia,NA,NA,3888.42,53,white,NA,236,219,4,NA,NA,NA,NA,NA,NA,19.666666666666668,18.25
1990,6,California,NA,NA,2635.66,58,white,NA,237,217,2,NA,NA,NA,NA,NA,NA,19.75,18.083333333333332
1990,6,Pennsylvania,NA,NA,1912.19,41,white,NA,187,186,2,NA,NA,NA,NA,NA,NA,15.583333333333334,15.5
1990,6,Pennsylvania,NA,NA,1730.76,38,black,NA,233,254,2,NA,NA,NA,NA,NA,NA,19.416666666666668,21.166666666666668
1995,6,Vermont,1,0,391.8973,42,white,NA,220,213,11,NA,NA,NA,NA,NA,NA,18.333333333333332,17.75
1995,6,Massachusetts,1,1,1186.4193,43,white,NA,231,9999,99,NA,NA,NA,NA,NA,NA,19.25,833.25
1995,6,Massachusetts,1,0,1261.2507,28,white,NA,199,9999,99,NA,NA,NA,NA,NA,NA,16.583333333333332,833.25
1995,6,Massachusetts,1,1,1274.0316,56,white,NA,237,204,10,NA,NA,NA,NA,NA,NA,19.75,17
1995,6,Connecticut,1,0,2681.7572,60,white,NA,219,9999,99,NA,NA,NA,NA,NA,NA,18.25,833.25
1995,6,New York,1,0,1534.0903,49,white,NA,181,9999,99,NA,NA,NA,NA,NA,NA,15.083333333333334,833.25
1995,6,New York,1,0,1662.3933,32,black,NA,218,9999,99,NA,NA,NA,NA,NA,NA,18.166666666666668,833.25
1995,6,New York,1,0,1736.3779,29,black,NA,229,9999,99,NA,69,NA,100,NA,81,19.083333333333332,833.25
1995,6,New York,1,1,2008.1863,65,white,NA,219,9999,99,NA,NA,NA,NA,NA,NA,18.25,833.25
1995,6,New York,1,0,1640.7041,37,black,NA,239,9999,99,NA,NA,NA,NA,NA,NA,19.916666666666668,833.25
1995,6,New York,1,0,1896.5342,34,black,bachelor,191,9999,99,NA,NA,NA,NA,NA,NA,15.916666666666666,833.25
1995,6,New York,1,1,2188.663,42,white,NA,217,9999,99,NA,NA,NA,NA,NA,NA,18.083333333333332,833.25
1995,6,New York,1,0,2793.9197,30,white,NA,235,9999,99,NA,NA,NA,NA,NA,NA,19.583333333333332,833.25
1995,6,New York,1,1,2257.5296,27,white,NA,197,214,10,NA,NA,NA,NA,NA,NA,16.416666666666668,17.833333333333332
1995,6,New Jersey,1,1,1273.9653,28,white,NA,220,9999,99,NA,NA,NA,NA,NA,NA,18.333333333333332,833.25
1995,6,New Jersey,1,1,1631.5114,43,white,NA,232,9999,99,NA,NA,NA,NA,NA,NA,19.333333333333332,833.25
1995,6,Pennsylvania,1,1,1788.1632,44,white,NA,199,191,26,NA,NA,NA,NA,NA,NA,16.583333333333332,15.916666666666666
1995,6,Pennsylvania,1,1,2122.3277,28,white,NA,224,9999,99,NA,NA,NA,NA,NA,NA,18.666666666666668,833.25
1995,6,Pennsylvania,1,1,2055.0099,40,white,NA,226,9999,99,NA,NA,NA,NA,NA,NA,18.833333333333332,833.25
1995,6,Pennsylvania,1,0,2398.1938,28,black,NA,234,9999,99,NA,NA,NA,NA,NA,NA,19.5,833.25
1995,6,Pennsylvania,1,1,1963.5673,49,white,NA,230,9999,99,NA,NA,NA,NA,NA,NA,19.166666666666668,833.25
1995,6,Ohio,1,1,1638.9532,50,white,NA,226,9999,99,NA,NA,NA,NA,NA,NA,18.833333333333332,833.25
1995,6,Ohio,1,1,1871.1069,30,white,NA,218,9999,99,NA,NA,NA,NA,NA,NA,18.166666666666668,833.25
1995,6,Ohio,1,1,1633.7136,56,white,NA,216,9999,99,NA,NA,NA,NA,NA,NA,18,833.25
1995,6,Ohio,1,2,1539.5568,39,white,NA,238,9999,99,NA,NA,NA,NA,NA,NA,19.833333333333332,833.25
1995,6,Ohio,1,0,1799.0946,49,white,NA,238,9999,99,NA,NA,NA,NA,NA,NA,19.833333333333332,833.25
1995,6,Indiana,1,1,3012.1325,27,white,NA,217,9999,99,NA,NA,NA,NA,NA,NA,18.083333333333332,833.25
1995,6,Illinois,1,0,2182.8346,41,black,NA,212,9999,99,NA,NA,NA,NA,NA,NA,17.666666666666668,833.25
1995,6,Illinois,1,0,2194.2685,54,black,NA,194,9999,99,NA,NA,NA,NA,NA,NA,16.166666666666668,833.25
1995,6,Illinois,1,1,1950.7953,42,white,bachelor,213,204,6,NA,NA,NA,NA,NA,NA,17.75,17
1995,6,Illinois,4,0,2083.8688,51,white,bachelor,236,9999,99,NA,NA,NA,NA,NA,NA,19.666666666666668,833.25
1995,6,Michigan,1,2,1466.0005,18,white,NA,208,9999,99,38,41,100,100,81,81,17.333333333333332,833.25
1995,6,Michigan,1,1,1469.4462,41,white,NA,239,9999,99,NA,NA,NA,NA,NA,NA,19.916666666666668,833.25
1995,6,Michigan,1,0,1441.1068,41,white,NA,220,9999,99,65,NA,100,NA,81,NA,18.333333333333332,833.25
1995,6,Michigan,1,1,1431.9692,48,white,NA,208,201,10,NA,NA,NA,NA,NA,NA,17.333333333333332,16.75
1995,6,Michigan,1,1,1808.1777,51,white,NA,209,9999,99,NA,NA,NA,NA,NA,NA,17.416666666666668,833.25
1995,6,Michigan,1,1,1558.9788,62,white,NA,194,210,26,NA,NA,NA,NA,NA,NA,16.166666666666668,17.5
1995,6,Michigan,1,0,1456.0184,34,white,NA,201,9999,99,NA,NA,NA,NA,NA,NA,16.75,833.25
1995,6,Michigan,2,0,1536.3467,33,white,NA,223,9999,99,NA,NA,NA,NA,NA,NA,18.583333333333332,833.25
1995,6,Wisconsin,1,1,2846.6922,27,white,NA,206,209,12,NA,NA,NA,NA,NA,NA,17.166666666666668,17.416666666666668
1995,6,Wisconsin,1,1,3276.9056,52,white,NA,238,9999,99,NA,NA,NA,NA,NA,NA,19.833333333333332,833.25
1995,6,Minnesota,1,1,3032.9722,27,black,NA,234,9999,99,NA,NA,NA,NA,NA,NA,19.5,833.25
1995,6,Minnesota,1,1,2265.1817,28,white,bachelor,217,9999,99,NA,NA,NA,NA,NA,NA,18.083333333333332,833.25
1995,6,Minnesota,1,1,2503.7835,58,white,NA,204,9999,99,NA,NA,NA,NA,NA,NA,17,833.25
1995,6,South Dakota,1,1,428.7481,41,white,NA,213,207,10,NA,NA,NA,NA,NA,NA,17.75,17.25
1995,6,South Dakota,1,1,362.6893,46,white,NA,208,9999,99,NA,NA,NA,NA,NA,NA,17.333333333333332,833.25
1995,6,Nebraska,1,1,901.7271,55,white,bachelor,200,9999,99,NA,NA,NA,NA,NA,NA,16.666666666666668,833.25
1995,6,Maryland,1,0,4462.7317,20,black,NA,180,9999,99,40,NA,100,NA,73,NA,15,833.25
1995,6,District of Columbia,1,0,480.3695,49,black,NA,227,9999,99,NA,NA,NA,NA,NA,NA,18.916666666666668,833.25
1995,6,Virginia,1,1,3202.7415,47,white,NA,223,9999,99,NA,NA,NA,NA,NA,NA,18.583333333333332,833.25
1995,6,Virginia,1,1,3832.5934,51,white,NA,190,9999,99,NA,NA,NA,NA,NA,NA,15.833333333333334,833.25
1995,6,Virginia,1,1,1294.3115,54,white,NA,200,179,10,NA,NA,NA,NA,NA,NA,16.666666666666668,14.916666666666666
1995,6,Virginia,1,0,1235.7558,40,white,NA,215,9999,99,NA,NA,NA,NA,NA,NA,17.916666666666668,833.25
1995,6,Virginia,1,1,3829.6212,47,white,NA,230,225,10,NA,NA,NA,NA,NA,NA,19.166666666666668,18.75
1995,6,Virginia,1,1,1301.1877,42,black,NA,181,9999,99,NA,NA,NA,NA,NA,NA,15.083333333333334,833.25
1995,6,Virginia,1,0,1850.6017,52,white,NA,225,222,12,NA,NA,NA,NA,NA,NA,18.75,18.5
1995,6,Virginia,1,1,1947.5013,28,white,NA,222,9999,99,NA,NA,NA,NA,NA,NA,18.5,833.25
1995,6,West Virginia,1,0,1087.1409,32,white,NA,236,215,12,NA,NA,NA,NA,NA,NA,19.666666666666668,17.916666666666668
1995,6,West Virginia,1,0,938.4589,29,white,NA,190,186,13,NA,NA,NA,NA,NA,NA,15.833333333333334,15.5
1995,6,North Carolina,1,0,1807.3851,23,black,NA,195,9999,99,NA,NA,NA,NA,NA,NA,16.25,833.25
1995,6,North Carolina,1,1,1049.6224,40,white,NA,215,228,10,NA,NA,NA,NA,NA,NA,17.916666666666668,19
1995,6,North Carolina,1,0,1176.7535,19,white,NA,221,9999,99,NA,NA,NA,NA,NA,NA,18.416666666666668,833.25
1995,6,North Carolina,1,1,1218.8133,55,white,bachelor,186,174,10,NA,NA,NA,NA,NA,NA,15.5,14.5
1995,6,South Carolina,1,1,2235.4745,56,white,NA,229,9999,99,NA,NA,NA,NA,NA,NA,19.083333333333332,833.25
1995,6,South Carolina,1,1,2724.9436,39,white,NA,212,247,10,NA,NA,NA,NA,NA,NA,17.666666666666668,20.583333333333332
1995,6,Georgia,1,1,1236.5286,38,white,NA,196,9999,99,NA,NA,NA,NA,NA,NA,16.333333333333332,833.25
1995,6,Georgia,1,0,1565.1493,24,black,NA,206,9999,99,NA,NA,NA,NA,NA,NA,17.166666666666668,833.25
1995,6,Georgia,1,1,1180.9627,22,white,NA,228,9999,99,NA,NA,NA,NA,NA,NA,19,833.25
1995,6,Georgia,1,1,1118.7344,50,white,NA,236,9999,99,NA,NA,NA,NA,NA,NA,19.666666666666668,833.25
1995,6,Georgia,1,0,1410.6771,19,white,NA,216,9999,99,41,NA,100,NA,92,NA,18,833.25
1995,6,Georgia,1,0,3055.2601,27,black,NA,210,9999,99,46,NA,200,NA,91,NA,17.5,833.25
1995,6,Georgia,1,1,2905.7393,49,white,NA,188,9999,99,NA,NA,NA,NA,NA,NA,15.666666666666666,833.25
1995,6,Florida,1,1,2742.0561,47,white,NA,238,9999,99,NA,NA,NA,NA,NA,NA,19.833333333333332,833.25
1995,6,Florida,2,1,2430.1651,47,white,bachelor,216,208,22,NA,NA,NA,NA,NA,NA,18,17.333333333333332
1995,6,Florida,1,1,2680.431,38,black,NA,187,223,10,NA,NA,NA,NA,NA,NA,15.583333333333334,18.583333333333332
1995,6,Florida,2,1,2611.1242,43,white,NA,238,9999,99,NA,NA,NA,NA,NA,NA,19.833333333333332,833.25
1995,6,Florida,1,0,2721.5551,17,black,NA,196,9999,99,36,NA,200,NA,81,NA,16.333333333333332,833.25
1995,6,Kentucky,1,1,1920.9366,50,white,NA,195,9999,99,NA,NA,NA,NA,NA,NA,16.25,833.25
1995,6,Kentucky,1,1,2387.8869,60,white,NA,212,9999,99,NA,NA,NA,NA,NA,NA,17.666666666666668,833.25
1995,6,Kentucky,1,0,2404.3942,21,white,NA,220,9999,99,NA,NA,NA,NA,NA,NA,18.333333333333332,833.25
1995,6,Kentucky,1,1,2772.2942,35,white,NA,199,275,10,NA,NA,NA,NA,NA,NA,16.583333333333332,22.916666666666668
1995,6,Alabama,1,1,1732.2714,35,white,NA,225,213,10,NA,NA,NA,NA,NA,NA,18.75,17.75
1995,6,Alabama,1,1,2076.9574,48,white,NA,229,9999,99,NA,NA,NA,NA,NA,NA,19.083333333333332,833.25
1995,6,Alabama,1,0,3678.2806,42,black,NA,182,9999,99,NA,NA,NA,NA,NA,NA,15.166666666666666,833.25
1995,6,Mississippi,1,1,1411.1812,50,white,NA,226,9999,99,NA,NA,NA,NA,NA,NA,18.833333333333332,833.25
1995,6,Mississippi,1,1,1632.5904,47,white,NA,211,201,22,NA,NA,NA,NA,NA,NA,17.583333333333332,16.75
1995,6,Mississippi,1,0,2021.1726,60,black,NA,200,177,11,NA,NA,NA,NA,NA,NA,16.666666666666668,14.75
1995,6,Mississippi,1,0,1891.6406,32,black,NA,208,9999,99,NA,NA,NA,NA,NA,NA,17.333333333333332,833.25
1995,6,Mississippi,1,0,2005.9749,22,black,NA,203,9999,99,42,NA,200,NA,60,NA,16.916666666666668,833.25
1995,6,Mississippi,1,0,1444.9989,49,black,NA,183,9999,99,NA,NA,NA,NA,NA,NA,15.25,833.25
1995,6,Arkansas,1,1,1513.8605,64,white,NA,222,9999,99,NA,NA,NA,NA,NA,NA,18.5,833.25
1995,6,Louisiana,1,1,2614.2273,30,black,NA,222,9999,99,NA,NA,NA,NA,NA,NA,18.5,833.25
1995,6,Louisiana,1,0,3292.6611,22,black,NA,221,9999,99,NA,NA,NA,NA,NA,NA,18.416666666666668,833.25
1995,6,Oklahoma,1,1,1822.1751,38,white,NA,186,9999,99,NA,NA,NA,NA,NA,NA,15.5,833.25
1995,6,Oklahoma,1,0,1571.9269,37,white,NA,195,9999,99,NA,NA,NA,NA,NA,NA,16.25,833.25
1995,6,Oklahoma,1,1,1822.1751,37,white,NA,212,9999,99,NA,NA,NA,NA,NA,NA,17.666666666666668,833.25
1995,6,Oklahoma,1,0,1456.2563,37,white,NA,183,173,13,NA,NA,NA,NA,NA,NA,15.25,14.416666666666666
1995,6,Oklahoma,1,1,1649.277,57,white,NA,227,9999,99,NA,NA,NA,NA,NA,NA,18.916666666666668,833.25
1995,6,Texas,2,0,2803.5634,40,white,NA,222,9999,99,NA,NA,NA,NA,NA,NA,18.5,833.25
1995,6,Texas,1,1,3370.9781,47,white,NA,196,9999,99,NA,NA,NA,NA,NA,NA,16.333333333333332,833.25
1995,6,Texas,1,1,3370.9781,45,white,NA,198,9999,99,NA,NA,NA,NA,NA,NA,16.5,833.25
1995,6,Texas,2,0,3732.268,30,black,NA,216,9999,99,NA,NA,NA,NA,NA,NA,18,833.25
1995,6,Texas,1,0,3642.585,61,black,NA,208,9999,99,NA,NA,NA,NA,NA,NA,17.333333333333332,833.25
1995,6,Texas,1,1,2510.1618,46,black,NA,204,9999,99,NA,NA,NA,NA,NA,NA,17,833.25
1995,6,Texas,1,1,2656.8386,61,white,NA,217,205,10,NA,NA,NA,NA,NA,NA,18.083333333333332,17.083333333333332
1995,6,Texas,1,0,4375.7103,61,black,NA,190,9999,99,NA,NA,NA,NA,NA,NA,15.833333333333334,833.25
1995,6,Montana,1,0,410.5416,48,white,NA,220,9999,99,NA,NA,NA,NA,NA,NA,18.333333333333332,833.25
1995,6,Montana,1,0,701.9591,65,white,NA,209,275,11,NA,NA,NA,NA,NA,NA,17.416666666666668,22.916666666666668
1995,6,Montana,1,0,463.2187,53,white,NA,212,9999,99,NA,NA,NA,NA,NA,NA,17.666666666666668,833.25
1995,6,Montana,1,1,502.0535,39,white,NA,213,208,26,NA,NA,NA,NA,NA,NA,17.75,17.333333333333332
1995,6,Montana,1,1,499.2705,63,white,NA,217,9999,99,NA,NA,NA,NA,NA,NA,18.083333333333332,833.25
1995,6,Idaho,1,1,463.6362,54,americanindian,NA,220,199,26,NA,NA,NA,NA,NA,NA,18.333333333333332,16.583333333333332
1995,6,Idaho,1,0,559.2997,55,white,NA,223,212,28,NA,NA,NA,NA,NA,NA,18.583333333333332,17.666666666666668
1995,6,Idaho,1,1,589.0557,33,white,NA,220,9999,99,NA,NA,NA,NA,NA,NA,18.333333333333332,833.25
1995,6,Idaho,1,1,666.8419,29,white,NA,233,9999,99,NA,NA,NA,NA,NA,NA,19.416666666666668,833.25
1995,6,Wyoming,2,0,307.946,33,white,NA,212,205,12,NA,NA,NA,NA,NA,NA,17.666666666666668,17.083333333333332
1995,6,Wyoming,1,1,298.7636,41,white,NA,234,223,99,NA,NA,NA,NA,NA,NA,19.5,18.583333333333332
1995,6,Wyoming,1,1,277.8068,30,white,NA,192,185,10,NA,NA,NA,NA,NA,NA,16,15.416666666666666
1995,6,Wyoming,1,0,178.1104,45,americanindian,NA,208,9999,99,NA,NA,NA,NA,NA,NA,17.333333333333332,833.25
1995,6,Wyoming,1,0,267.6636,58,white,NA,236,9999,99,NA,NA,NA,NA,NA,NA,19.666666666666668,833.25
1995,6,Colorado,1,1,2049.0465,62,white,NA,227,9999,99,NA,NA,NA,NA,NA,NA,18.916666666666668,833.25
1995,6,New Mexico,1,0,1187.4078,21,white,NA,234,219,13,NA,NA,NA,NA,NA,NA,19.5,18.25
1995,6,Nevada,1,1,1150.731,56,white,NA,234,203,26,NA,NA,NA,NA,NA,NA,19.5,16.916666666666668
1995,6,Nevada,1,1,1141.6237,42,white,NA,216,199,10,NA,NA,NA,NA,NA,NA,18,16.583333333333332
1995,6,Washington,1,0,4318.8048,20,white,NA,222,9999,99,44,NA,100,NA,73,NA,18.5,833.25
1995,6,Oregon,1,1,2238.3386,60,white,NA,236,9999,99,NA,NA,NA,NA,NA,NA,19.666666666666668,833.25
1995,6,California,1,1,2593.4599,40,white,NA,194,9999,99,NA,NA,NA,NA,NA,NA,16.166666666666668,833.25
1995,6,California,1,1,1205.8665,21,other,NA,226,9999,99,NA,NA,NA,NA,NA,NA,18.833333333333332,833.25
1995,6,California,1,1,2253.1851,33,white,NA,221,9999,99,NA,NA,NA,NA,NA,NA,18.416666666666668,833.25
1995,6,California,1,1,1453.6632,43,other,NA,225,9999,99,NA,NA,NA,NA,NA,NA,18.75,833.25
1995,6,California,1,0,1520.3617,53,americanindian,NA,206,198,11,NA,NA,NA,NA,NA,NA,17.166666666666668,16.5
1995,6,California,1,1,2392.6803,21,white,NA,224,9999,99,51,64,100,100,81,20,18.666666666666668,833.25
1995,6,California,1,1,1509.2434,37,other,NA,220,9999,99,NA,NA,NA,NA,NA,NA,18.333333333333332,833.25
1995,6,California,1,0,2170.3503,53,black,NA,184,253,12,NA,NA,NA,NA,NA,NA,15.333333333333334,21.083333333333332
1995,6,California,1,1,2318.7462,47,americanindian,NA,200,9999,99,NA,NA,NA,NA,NA,NA,16.666666666666668,833.25
1995,6,Alaska,1,1,342.3153,41,white,NA,213,198,26,NA,NA,NA,NA,NA,NA,17.75,16.5
1995,6,Hawaii,1,1,812.9352,37,white,NA,205,9999,99,NA,NA,NA,NA,NA,NA,17.083333333333332,833.25
